"number","player","gp","gs","tot","avg","fgm","fga","fg_percent","x3pt","x3pta","x3pt_percent","ftm","fta","ft_percent","pts","avg_2","off","def","tot_2","avg_3","pf","ast","to","stl","blk","season"
"11","Pickunka, Katelyn
                                    11 Pickunka, Katelyn","28","28","697","24.9","119","226",".527","5","12",".417","72","101",".713","315","11.3","73","139","212","7.6","60","25","54","28","12","2021-22"
"14","Ruffner, Jessie
                                    14 Ruffner, Jessie","28","28","769","27.5","127","260",".488","22","55",".400","35","48",".729","311","11.1","21","108","129","4.6","53","74","48","27","2","2021-22"
"22","Morrison, Morgan
                                    22 Morrison, Morgan","28","2","451","16.1","127","204",".623","0","0",".000","58","86",".674","312","11.1","70","95","165","5.9","61","13","47","11","9","2021-22"
"05","Yamada, Ally
                                    05 Yamada, Ally","28","6","579","20.7","72","192",".375","39","120",".325","33","44",".750","216","7.7","8","34","42","1.5","39","61","51","24","0","2021-22"
"25","Clairmont, Amelia
                                    25 Clairmont, Amelia","25","21","542","21.7","69","189",".365","34","102",".333","10","12",".833","182","7.3","7","49","56","2.2","33","27","40","18","3","2021-22"
"10","Gleissner, Dashelle
                                    10 Gleissner, Dashelle","28","28","754","26.9","67","175",".383","26","82",".317","23","35",".657","183","6.5","7","78","85","3.0","50","138","65","76","8","2021-22"
"31","Whalen, Elle Jo 
                                    31 Whalen, Elle Jo","26","26","656","25.2","65","116",".560","0","0",".000","10","31",".323","140","5.4","54","85","139","5.3","54","38","23","21","5","2021-22"
"13","Loo, Jane
                                    13 Loo, Jane","26","0","342","13.2","40","106",".377","19","48",".396","17","19",".895","116","4.5","5","45","50","1.9","27","18","38","9","2","2021-22"
"20","Creager, Cassidy
                                    20 Creager, Cassidy","18","0","127","7.1","23","33",".697","0","0",".000","6","13",".462","52","2.9","6","26","32","1.8","11","0","17","1","0","2021-22"
"33","Hooker, Tiffany
                                    33 Hooker, Tiffany","13","0","109","8.4","12","34",".353","1","6",".167","10","13",".769","35","2.7","0","16","16","1.2","7","6","9","5","0","2021-22"
"03","Mack, Bobi
                                    03 Mack, Bobi","19","0","143","7.5","13","39",".333","10","30",".333","8","10",".800","44","2.3","0","6","6","0.3","14","8","15","8","1","2021-22"
"24","Rideout, Kyra
                                    24 Rideout, Kyra","14","1","114","8.1","13","34",".382","0","2",".000","5","10",".500","31","2.2","15","20","35","2.5","20","5","7","5","12","2021-22"
"01","Bohn, Ashlyn
                                    01 Bohn, Ashlyn","5","0","42","8.4","5","12",".417","1","2",".500","0","0",".000","11","2.2","1","14","15","3.0","6","2","5","1","0","2021-22"
"02","Washington, Jazmyn 
                                    02 Washington, Jazmyn","20","0","136","6.8","6","15",".400","0","2",".000","4","10",".400","16","0.8","9","24","33","1.7","12","2","13","2","4","2021-22"
"21","Potvin, Ellie
                                    21 Potvin, Ellie","13","0","69","5.3","2","8",".250","1","7",".143","1","2",".500","6","0.5","1","1","2","0.2","6","7","7","1","0","2021-22"
"15","Martin, Breona
                                    15 Martin, Breona","14","0","48","3.4","3","5",".600","0","2",".000","0","0",".000","6","0.4","1","6","7","0.5","1","4","4","0","0","2021-22"
"12","Peterson, Jordan
                                    12 Peterson, Jordan","9","0","47","5.2","0","6",".000","0","3",".000","3","4",".750","3","0.3","2","7","9","1.0","2","4","6","1","0","2021-22"
"11","Pickunka, Katelyn
                                    11 Pickunka, Katelyn","28","28","696","24.9","152","241",".631","0","0",".000","93","115",".809","397","14.2","79","127","206","7.4","68","17","68","26","24","2019-20"
"25","Clairmont, Amelia
                                    25 Clairmont, Amelia","30","27","763","25.4","131","318",".412","63","162",".389","32","41",".780","357","11.9","10","105","115","3.8","57","41","63","25","2","2019-20"
"14","Ruffner, Jessie
                                    14 Ruffner, Jessie","29","13","771","26.6","103","218",".472","39","103",".379","48","70",".686","293","10.1","10","90","100","3.4","47","67","72","35","1","2019-20"
"05","Yamada, Ally
                                    05 Yamada, Ally","15","15","429","28.6","49","119",".412","22","59",".373","13","14",".929","133","8.9","7","26","33","2.2","28","49","39","17","1","2019-20"
"31","Whalen, Elle Jo 
                                    31 Whalen, Elle Jo","30","30","811","27.0","111","187",".594","0","0",".000","21","50",".420","243","8.1","59","117","176","5.9","47","34","43","17","8","2019-20"
"10","Gleissner, Dashelle
                                    10 Gleissner, Dashelle","30","30","972","32.4","90","244",".369","21","72",".292","40","59",".678","241","8.0","11","100","111","3.7","59","197","104","78","5","2019-20"
"22","Morrison, Morgan
                                    22 Morrison, Morgan","29","1","456","15.7","74","136",".544","0","0",".000","35","63",".556","183","6.3","56","85","141","4.9","59","14","56","10","12","2019-20"
"24","Rideout, Kyra
                                    24 Rideout, Kyra","17","0","162","9.5","26","53",".491","2","5",".400","13","17",".765","67","3.9","19","27","46","2.7","22","5","16","5","9","2019-20"
"01","Bohn, Ashlyn
                                    01 Bohn, Ashlyn","29","1","346","11.9","31","64",".484","14","35",".400","6","9",".667","82","2.8","25","81","106","3.7","17","8","16","3","0","2019-20"
"15","Martin, Breona
                                    15 Martin, Breona","19","2","216","11.4","20","38",".526","8","17",".471","3","5",".600","51","2.7","6","24","30","1.6","19","10","20","4","0","2019-20"
"13","Cipolla, Rachael
                                    13 Cipolla, Rachael","12","1","48","4.0","8","22",".364","2","6",".333","6","10",".600","24","2.0","1","8","9","0.8","5","5","6","1","1","2019-20"
"20","Garcia, Karena
                                    20 Garcia, Karena","14","0","82","5.9","10","19",".526","5","9",".556","0","0",".000","25","1.8","4","9","13","0.9","7","4","10","1","0","2019-20"
"03","Zener, Emma 
                                    03 Zener, Emma","18","2","178","9.9","11","34",".324","7","29",".241","0","0",".000","29","1.6","2","9","11","0.6","2","7","3","6","0","2019-20"
"21","Potvin, Ellie
                                    21 Potvin, Ellie","12","0","97","8.1","3","15",".200","2","12",".167","0","1",".000","8","0.7","2","9","11","0.9","6","4","5","1","0","2019-20"
"05","Bondi, Lauren
                                    05 Bondi, Lauren","29","29","978","33.7","178","429",".415","84","198",".424","98","116",".845","538","18.6","2","73","75","2.6","55","107","84","50","8","2018-19"
"30","Guest-Pritchett, Kennedy
                                    30 Guest-Pritchett, Kennedy","29","28","811","28.0","175","316",".554","0","1",".000","75","133",".564","425","14.7","110","224","334","11.5","74","36","69","13","12","2018-19"
"15","McClellan, Katy
                                    15 McClellan, Katy","29","29","834","28.8","102","206",".495","18","41",".439","85","140",".607","307","10.6","49","119","168","5.8","43","77","72","15","7","2018-19"
"11","Pickunka, Katelyn
                                    11 Pickunka, Katelyn","29","0","401","13.8","72","119",".605","0","1",".000","50","79",".633","194","6.7","44","54","98","3.4","46","14","36","12","3","2018-19"
"10","Gleissner, Dashelle
                                    10 Gleissner, Dashelle","29","28","745","25.7","68","172",".395","25","66",".379","14","20",".700","175","6.0","8","83","91","3.1","69","70","84","52","4","2018-19"
"24","Koh, Sydney
                                    24 Koh, Sydney","15","1","291","19.4","26","60",".433","26","56",".464","0","0",".000","78","5.2","3","12","15","1.0","12","13","10","6","2","2018-19"
"21","Foukaris, Stephanie
                                    21 Foukaris, Stephanie","27","19","577","21.4","40","118",".339","24","77",".312","12","15",".800","116","4.3","27","89","116","4.3","46","23","40","6","26","2018-19"
"32","Seymour, Emma
                                    32 Seymour, Emma","24","1","277","11.5","28","52",".538","3","6",".500","9","11",".818","68","2.8","18","44","62","2.6","28","16","20","4","9","2018-19"
"31","Whalen, Elle Jo
                                    31 Whalen, Elle Jo","27","9","482","17.9","30","73",".411","0","0",".000","7","17",".412","67","2.5","46","44","90","3.3","31","24","27","17","4","2018-19"
"03","Zener, Emma
                                    03 Zener, Emma","19","0","134","7.1","9","35",".257","9","30",".300","3","4",".750","30","1.6","1","7","8","0.4","6","7","6","3","0","2018-19"
"14","Rideout, Kyra
                                    14 Rideout, Kyra","15","0","75","5.0","9","22",".409","0","1",".000","5","11",".455","23","1.5","8","13","21","1.4","10","0","4","2","3","2018-19"
"22","Snoddy, Nikkiah
                                    22 Snoddy, Nikkiah","18","1","128","7.1","12","30",".400","0","1",".000","2","4",".500","26","1.4","9","27","36","2.0","15","5","15","5","6","2018-19"
"20","Garcia, Karena
                                    20 Garcia, Karena","15","0","91","6.1","6","15",".400","1","3",".333","4","5",".800","17","1.1","2","5","7","0.5","7","4","13","2","0","2018-19"
"30","Guest-Pritchett, Kennedy
                                    30 Guest-Pritchett, Kennedy","26","25","651","25.0","168","272",".618","0","0",".000","58","96",".604","394","15.2","118","147","265","10.2","52","21","73","17","8","2017-18"
"05","Bondi, Lauren
                                    05 Bondi, Lauren","26","26","817","31.4","122","302",".404","48","112",".429","63","76",".829","355","13.7","10","77","87","3.3","46","70","64","35","9","2017-18"
"13","Marquez, Paige
                                    13 Marquez, Paige","25","25","724","29.0","97","254",".382","32","85",".376","9","14",".643","235","9.4","10","52","62","2.5","22","70","60","32","4","2017-18"
"25","Alakai, Samantha
                                    25 Alakai, Samantha","22","3","406","18.5","56","119",".471","21","47",".447","6","11",".545","139","6.3","26","50","76","3.5","36","11","21","15","7","2017-18"
"10","Holland, Meghan 
                                    10 Holland, Meghan","26","25","752","28.9","54","137",".394","30","77",".390","18","25",".720","156","6.0","30","76","106","4.1","51","93","49","33","3","2017-18"
"14","Barriscale, Amanda
                                    14 Barriscale, Amanda","25","25","507","20.3","54","111",".486","0","0",".000","35","50",".700","143","5.7","66","97","163","6.5","80","35","67","15","3","2017-18"
"15","McClellan, Katy
                                    15 McClellan, Katy","26","1","423","16.3","36","96",".375","3","20",".150","40","63",".635","115","4.4","16","70","86","3.3","22","26","43","13","5","2017-18"
"21","Foukaris, Stephanie
                                    21 Foukaris, Stephanie","15","0","159","10.6","22","49",".449","7","19",".368","4","4","1.000","55","3.7","10","24","34","2.3","23","7","7","6","8","2017-18"
"32","Seymour, Emma
                                    32 Seymour, Emma","21","0","150","7.1","31","55",".564","2","4",".500","9","13",".692","73","3.5","15","33","48","2.3","14","15","21","1","11","2017-18"
"31","Whalen, Elle Jo
                                    31 Whalen, Elle Jo","22","0","192","8.7","20","56",".357","0","1",".000","8","12",".667","48","2.2","20","14","34","1.5","22","5","10","4","0","2017-18"
"24","Koh, Sydney
                                    24 Koh, Sydney","21","0","219","10.4","14","48",".292","11","42",".262","4","4","1.000","43","2.0","0","16","16","0.8","15","17","11","14","4","2017-18"
"03","Zener, Emma
                                    03 Zener, Emma","14","0","65","4.6","7","18",".389","7","17",".412","0","1",".000","21","1.5","0","1","1","0.1","8","6","3","3","0","2017-18"
"22","Snoddy, Nikkiah
                                    22 Snoddy, Nikkiah","18","0","121","6.7","11","23",".478","0","0",".000","4","10",".400","26","1.4","8","20","28","1.6","13","3","11","4","2","2017-18"
"20","Garcia, Karena
                                    20 Garcia, Karena","12","0","43","3.6","3","13",".231","0","3",".000","3","3","1.000","9","0.8","1","3","4","0.3","8","1","5","3","0","2017-18"
"30","Guest-Pritchett, Kennedy
                                    30 Guest-Pritchett, Kennedy","27","27","747","27.7","170","332",".512","0","0",".000","72","127",".567","412","15.3","115","161","276","10.2","75","30","61","23","17","2016-17"
"31","Hanley, Erin
                                    31 Hanley, Erin","26","26","645","24.8","94","185",".508","7","19",".368","67","92",".728","262","10.1","52","90","142","5.5","70","28","52","26","7","2016-17"
"05","Bondi, Lauren
                                    05 Bondi, Lauren","21","6","444","21.1","52","140",".371","22","70",".314","32","42",".762","158","7.5","7","37","44","2.1","31","34","37","23","1","2016-17"
"25","Alakai, Samantha
                                    25 Alakai, Samantha","25","24","532","21.3","74","185",".400","19","51",".373","16","26",".615","183","7.3","27","73","100","4.0","70","27","36","28","19","2016-17"
"13","Marquez, Paige
                                    13 Marquez, Paige","27","22","517","19.1","66","176",".375","20","62",".323","20","27",".741","172","6.4","16","59","75","2.8","39","51","55","22","5","2016-17"
"11","Castro, Mandy
                                    11 Castro, Mandy","27","26","618","22.9","46","119",".387","29","81",".358","28","37",".757","149","5.5","14","42","56","2.1","36","61","43","38","3","2016-17"
"10","Holland, Meghan 
                                    10 Holland, Meghan","23","0","459","20.0","37","114",".325","13","39",".333","11","16",".688","98","4.3","16","25","41","1.8","32","58","30","13","3","2016-17"
"24","Koh, Sydney
                                    24 Koh, Sydney","21","0","189","9.0","24","69",".348","20","54",".370","3","4",".750","71","3.4","2","18","20","1.0","15","9","11","7","1","2016-17"
"03","Chihara, Jade 
                                    03 Chihara, Jade","27","2","270","10.0","27","74",".365","2","21",".095","21","27",".778","77","2.9","22","27","49","1.8","30","20","28","32","2","2016-17"
"21","Foukaris, Stephanie
                                    21 Foukaris, Stephanie","17","0","149","8.8","19","51",".373","4","17",".235","5","8",".625","47","2.8","9","15","24","1.4","17","3","17","4","8","2016-17"
"32","Seymour, Emma
                                    32 Seymour, Emma","24","0","226","9.4","28","66",".424","1","4",".250","8","12",".667","65","2.7","11","30","41","1.7","14","7","20","7","14","2016-17"
"14","Barriscale, Amanda
                                    14 Barriscale, Amanda","18","0","204","11.3","13","30",".433","0","0",".000","18","22",".818","44","2.4","24","39","63","3.5","35","2","13","5","1","2016-17"
"20","Talley, Tavorsia
                                    20 Talley, Tavorsia","21","0","180","8.6","20","58",".345","2","12",".167","7","15",".467","49","2.3","9","12","21","1.0","19","13","22","14","3","2016-17"
"15","McClellan, Katy
                                    15 McClellan, Katy","22","2","161","7.3","15","40",".375","3","11",".273","7","15",".467","40","1.8","21","17","38","1.7","11","13","7","4","0","2016-17"
"22","Snoddy, Nikkiah
                                    22 Snoddy, Nikkiah","16","0","110","6.9","9","25",".360","0","0",".000","2","8",".250","20","1.3","6","24","30","1.9","3","2","5","4","2","2016-17"
"30","Guest-Pritchett, Kennedy
                                    30 Guest-Pritchett, Kennedy","26","25","596","22.9","132","270",".489","0","0",".000","59","106",".557","323","12.4","99","144","243","9.3","78","22","69","19","3","2015-16"
"05","Bondi, Lauren
                                    05 Bondi, Lauren","26","26","838","32.2","91","270",".337","47","132",".356","41","49",".837","270","10.4","12","51","63","2.4","48","74","87","28","4","2015-16"
"13","Marquez, Paige
                                    13 Marquez, Paige","26","25","575","22.1","74","207",".357","23","69",".333","22","30",".733","193","7.4","22","60","82","3.2","41","48","33","12","4","2015-16"
"10","Holland, Meghan
                                    10 Holland, Meghan","19","14","482","25.4","48","134",".358","18","60",".300","14","17",".824","128","6.7","23","29","52","2.7","41","41","25","20","3","2015-16"
"31","Hanley, Erin
                                    31 Hanley, Erin","17","0","290","17.1","41","96",".427","0","6",".000","32","46",".696","114","6.7","30","36","66","3.9","37","12","36","9","1","2015-16"
"25","Alakai, Samantha
                                    25 Alakai, Samantha","26","9","498","19.2","57","166",".343","22","70",".314","35","47",".745","171","6.6","25","68","93","3.6","47","18","36","27","15","2015-16"
"14","Barriscale, Amanda
                                    14 Barriscale, Amanda","24","16","501","20.9","35","83",".422","0","0",".000","25","39",".641","95","4.0","61","75","136","5.7","81","15","43","14","6","2015-16"
"03","Chihara, Jade
                                    03 Chihara, Jade","26","13","392","15.1","28","91",".308","5","20",".250","10","19",".526","71","2.7","21","44","65","2.5","47","32","35","25","3","2015-16"
"33","Karapoulios, Tia
                                    33 Karapoulios, Tia","24","1","224","9.3","24","66",".364","7","25",".280","9","13",".692","64","2.7","6","29","35","1.5","15","5","19","8","2","2015-16"
"20","Talley, Tavorsia
                                    20 Talley, Tavorsia","22","0","153","7.0","13","57",".228","3","11",".273","18","26",".692","47","2.1","7","10","17","0.8","15","5","22","12","1","2015-16"
"24","Koh, Sydney
                                    24 Koh, Sydney","17","0","117","6.9","11","40",".275","6","26",".231","2","2","1.000","30","1.8","2","16","18","1.1","6","8","5","6","2","2015-16"
"11","Castro, Mandy
                                    11 Castro, Mandy","19","0","154","8.1","8","37",".216","7","29",".241","8","10",".800","31","1.6","1","9","10","0.5","16","8","11","7","0","2015-16"
"15","McClellan, Katy
                                    15 McClellan, Katy","20","0","153","7.7","8","31",".258","4","12",".333","9","23",".391","29","1.5","17","20","37","1.9","11","9","5","4","0","2015-16"
"34","Lancaster, Carrie Lee
                                    34 Lancaster, Carrie Lee","12","0","62","5.2","4","12",".333","0","0",".000","7","11",".636","15","1.3","4","6","10","0.8","8","0","6","0","0","2015-16"
"40","Gibson, Audrey
                                    40 Gibson, Audrey","2","0","6","3.0","1","1","1.000","0","0",".000","0","0",".000","2","1.0","0","2","2","1.0","0","0","0","1","0","2015-16"
"22","Snoddy, Nikkiah
                                    22 Snoddy, Nikkiah","20","0","110","5.5","8","21",".381","0","0",".000","3","10",".300","19","1.0","10","21","31","1.6","4","1","9","0","3","2015-16"
"32","Seymour, Emma
                                    32 Seymour, Emma","12","0","47","3.9","3","12",".250","0","0",".000","3","3","1.000","9","0.8","5","7","12","1.0","3","1","1","0","0","2015-16"
"21","Saywell, Shannon
                                    21 Saywell, Shannon","9","1","26","2.9","2","7",".286","0","0",".000","0","5",".000","4","0.4","1","3","4","0.4","2","3","0","1","1","2015-16"
"25","Alakai, Samantha
                                    25 Alakai, Samantha","25","22","646","25.8","121","266",".455","20","55",".364","44","77",".571","306","12.2","29","67","96","3.8","51","25","42","29","17","2014-15"
"13","Marquez, Paige
                                    13 Marquez, Paige","24","9","593","24.7","86","240",".358","16","71",".225","17","28",".607","205","8.5","15","59","74","3.1","47","42","55","23","4","2014-15"
"10","Holland, Meghan
                                    10 Holland, Meghan","25","18","683","27.3","66","177",".373","28","92",".304","29","40",".725","189","7.6","25","58","83","3.3","45","59","43","20","6","2014-15"
"15","Barrett, Alyssa
                                    15 Barrett, Alyssa","25","5","438","17.5","53","163",".325","37","109",".339","14","16",".875","157","6.3","18","42","60","2.4","31","13","12","11","3","2014-15"
"30","Weston, Lauren
                                    30 Weston, Lauren","16","10","303","18.9","35","87",".402","0","0",".000","22","30",".733","92","5.8","23","47","70","4.4","25","11","15","9","8","2014-15"
"11","Castro, Mandy
                                    11 Castro, Mandy","25","18","594","23.8","45","140",".321","24","92",".261","25","35",".714","139","5.6","14","35","49","2.0","57","55","37","30","0","2014-15"
"34","Soto-Rivera, Stephanie
                                    34 Soto-Rivera, Stephanie","12","0","140","11.7","21","59",".356","0","1",".000","11","13",".846","53","4.4","16","20","36","3.0","35","12","15","9","1","2014-15"
"03","Chihara, Jade
                                    03 Chihara, Jade","25","25","555","22.2","42","112",".375","1","6",".167","20","39",".513","105","4.2","33","51","84","3.4","63","42","59","45","2","2014-15"
"14","Barriscale, Amanda
                                    14 Barriscale, Amanda","24","13","512","21.3","39","101",".386","0","1",".000","19","26",".731","97","4.0","68","95","163","6.8","88","27","50","30","6","2014-15"
"33","Karapoulios, Tia
                                    33 Karapoulios, Tia","21","5","232","11.0","25","79",".316","8","29",".276","16","28",".571","74","3.5","15","39","54","2.6","18","12","24","6","6","2014-15"
"20","Talley, Tavorsia
                                    20 Talley, Tavorsia","16","0","139","8.7","20","50",".400","2","8",".250","5","12",".417","47","2.9","5","8","13","0.8","15","5","26","8","6","2014-15"
"40","Gibson, Audrey
                                    40 Gibson, Audrey","7","0","28","4.0","2","7",".286","0","0",".000","3","5",".600","7","1.0","0","3","3","0.4","4","1","0","0","2","2014-15"
"21","Saywell, Shannon
                                    21 Saywell, Shannon","16","0","112","7.0","2","20",".100","1","2",".500","2","3",".667","7","0.4","6","13","19","1.2","10","5","8","5","2","2014-15"
"31","Biasin, Camryn
                                    31 Biasin, Camryn","7","0","25","3.6","1","3",".333","0","1",".000","0","0",".000","2","0.3","1","4","5","0.7","4","1","3","3","0","2014-15"
"13","Drummond, Rosa
                                    13 Drummond, Rosa","29","29","893","30.8","156","409",".381","46","139",".331","73","92",".793","431","14.9","52","189","241","8.3","78","32","71","29","15","2013-14"
"05","Solis, Paulina
                                    05 Solis, Paulina","30","30","912","30.4","148","442",".335","49","197",".249","80","108",".741","425","14.2","34","82","116","3.9","84","92","111","85","8","2013-14"
"34","Parkmond, Sydney
                                    34 Parkmond, Sydney","29","28","776","26.8","108","241",".448","0","1",".000","79","118",".669","295","10.2","78","129","207","7.1","86","53","73","48","5","2013-14"
"30","Weston, Lauren
                                    30 Weston, Lauren","29","3","570","19.7","67","151",".444","0","1",".000","36","46",".783","170","5.9","59","85","144","5.0","54","20","46","10","21","2013-14"
"22","Collins, Jazmine
                                    22 Collins, Jazmine","30","10","550","18.3","63","123",".512","1","2",".500","39","82",".476","166","5.5","52","63","115","3.8","53","22","50","26","5","2013-14"
"25","Munoz-Ruiz, Marissa
                                    25 Munoz-Ruiz, Marissa","30","26","767","25.6","63","136",".463","0","0",".000","10","27",".370","136","4.5","17","56","73","2.4","35","52","65","23","1","2013-14"
"03","Chihara, Jade
                                    03 Chihara, Jade","27","19","525","19.4","34","83",".410","1","7",".143","23","37",".622","92","3.4","38","55","93","3.4","74","37","50","39","2","2013-14"
"11","Castro, Mandy
                                    11 Castro, Mandy","30","5","583","19.4","34","121",".281","20","68",".294","13","22",".591","101","3.4","15","29","44","1.5","49","39","44","27","0","2013-14"
"15","Barrett, Alyssa
                                    15 Barrett, Alyssa","27","0","353","13.1","27","101",".267","13","61",".213","19","24",".792","86","3.2","18","25","43","1.6","30","13","16","17","1","2013-14"
"33","Karapoulios, Tia
                                    33 Karapoulios, Tia","14","0","65","4.6","7","24",".292","1","4",".250","2","4",".500","17","1.2","4","9","13","0.9","12","2","10","4","3","2013-14"
"21","Saywell, Shannon
                                    21 Saywell, Shannon","12","0","31","2.6","2","8",".250","0","0",".000","0","0",".000","4","0.3","4","0","4","0.3","2","0","3","0","2","2013-14"
"05","Solis, Paulina
                                    05 Solis, Paulina","28","27","801","28.6","149","408",".365","63","202",".312","59","79",".747","420","15.0","46","57","103","3.7","66","102","62","111","3","2012-13"
"03","Quattrocchi, Devon
                                    03 Quattrocchi, Devon","28","28","896","32.0","124","319",".389","32","99",".323","55","83",".663","335","12.0","59","57","116","4.1","62","89","67","82","6","2012-13"
"13","Drummond, Rosa
                                    13 Drummond, Rosa","28","28","732","26.1","120","311",".386","38","116",".328","50","60",".833","328","11.7","53","125","178","6.4","56","25","59","33","20","2012-13"
"34","Parkmond, Sydney
                                    34 Parkmond, Sydney","28","28","668","23.9","99","226",".438","0","0",".000","43","78",".551","241","8.6","58","89","147","5.3","65","51","74","54","8","2012-13"
"22","Zakoske, Amanda
                                    22 Zakoske, Amanda","28","28","807","28.8","94","222",".423","1","3",".333","40","53",".755","229","8.2","50","88","138","4.9","52","52","61","61","8","2012-13"
"15","Barrett, Alyssa
                                    15 Barrett, Alyssa","25","0","298","11.9","38","94",".404","21","63",".333","12","21",".571","109","4.4","11","24","35","1.4","12","5","13","12","0","2012-13"
"20","Claps, Bethany
                                    20 Claps, Bethany","26","0","306","11.8","46","100",".460","0","0",".000","12","21",".571","104","4.0","38","39","77","3.0","35","9","23","12","0","2012-13"
"30","Weston, Lauren
                                    30 Weston, Lauren","28","0","339","12.1","37","82",".451","0","0",".000","18","32",".563","92","3.3","42","65","107","3.8","40","17","36","14","14","2012-13"
"25","Munoz-Ruiz, Marissa
                                    25 Munoz-Ruiz, Marissa","28","0","601","21.5","26","82",".317","0","0",".000","9","16",".563","61","2.2","21","52","73","2.6","34","56","52","32","3","2012-13"
"33","Karapoulios, Tia
                                    33 Karapoulios, Tia","14","0","46","3.3","5","17",".294","1","4",".250","1","4",".250","12","0.9","3","9","12","0.9","11","0","8","4","2","2012-13"
"24","Purington, Brittany
                                    24 Purington, Brittany","23","1","97","4.2","5","21",".238","0","1",".000","5","9",".556","15","0.7","6","8","14","0.6","15","4","7","1","0","2012-13"
"21","Saywell, Shannon
                                    21 Saywell, Shannon","21","0","59","2.8","3","11",".273","0","0",".000","4","7",".571","10","0.5","7","10","17","0.8","6","4","4","1","2","2012-13"
"13","Drummond, Rosa
                                    13 Drummond, Rosa","29","29","748","25.8","132","349",".378","38","127",".299","71","87",".816","373","12.9","32","144","176","6.1","53","14","49","54","29","2011-12"
"11","Page, Maddie
                                    11 Page, Maddie","29","0","607","20.9","82","173",".474","7","18",".389","83","107",".776","254","8.8","34","85","119","4.1","41","49","71","70","1","2011-12"
"05","Solis, Paulina
                                    05 Solis, Paulina","27","0","456","16.9","86","192",".448","26","78",".333","31","50",".620","229","8.5","28","31","59","2.2","61","61","63","55","4","2011-12"
"20","BelBruno, Lizzy
                                    20 BelBruno, Lizzy","29","29","798","27.5","90","251",".359","27","103",".262","32","44",".727","239","8.2","23","61","84","2.9","69","72","57","33","12","2011-12"
"40","Giles, Ellie
                                    40 Giles, Ellie","29","29","763","26.3","88","207",".425","1","6",".167","17","27",".630","194","6.7","52","158","210","7.2","48","28","42","39","57","2011-12"
"03","Quattrocchi, Devon
                                    03 Quattrocchi, Devon","29","29","825","28.4","75","177",".424","11","29",".379","29","52",".558","190","6.6","45","48","93","3.2","53","87","52","66","2","2011-12"
"22","Zakoske, Amanda
                                    22 Zakoske, Amanda","29","29","591","20.4","66","131",".504","0","1",".000","28","54",".519","160","5.5","34","44","78","2.7","34","49","52","29","5","2011-12"
"30","Parkmond, Sydney
                                    30 Parkmond, Sydney","27","0","431","16.0","51","131",".389","0","1",".000","17","31",".548","119","4.4","39","62","101","3.7","59","14","41","14","3","2011-12"
"15","Barrett, Alyssa
                                    15 Barrett, Alyssa","26","0","208","8.0","16","72",".222","12","51",".235","15","16",".938","59","2.3","7","21","28","1.1","20","5","17","3","2","2011-12"
"24","Purington, Brittany
                                    24 Purington, Brittany","25","0","193","7.7","17","32",".531","0","1",".000","11","14",".786","45","1.8","9","5","14","0.6","15","9","12","4","0","2011-12"
"25","Munoz-Ruiz, Marissa
                                    25 Munoz-Ruiz, Marissa","6","0","24","4.0","3","6",".500","0","0",".000","2","5",".400","8","1.3","1","2","3","0.5","1","1","2","2","0","2011-12"
"31","McIver, Carly
                                    31 McIver, Carly","18","0","96","5.3","8","21",".381","0","0",".000","6","13",".462","22","1.2","11","13","24","1.3","14","1","16","1","4","2011-12"
"33","Dutton, Libby
                                    33 Dutton, Libby","16","0","85","5.3","3","15",".200","1","9",".111","2","2","1.000","9","0.6","0","10","10","0.6","3","7","3","1","1","2011-12"
"13","Drummond, Rosa
                                    13 Drummond, Rosa","28","27","801","28.6","126","309",".408","33","99",".333","65","76",".855","350","12.5","48","142","190","6.8","72","32","50","50","26","2010-11"
"20","BelBruno, Lizzy
                                    20 BelBruno, Lizzy","21","19","585","27.9","77","210",".367","30","83",".361","39","59",".661","223","10.6","10","52","62","3.0","39","26","36","42","5","2010-11"
"22","Zakoske, Amanda
                                    22 Zakoske, Amanda","28","28","751","26.8","101","235",".430","0","9",".000","51","74",".689","253","9.0","54","62","116","4.1","52","55","74","54","4","2010-11"
"11","Quattrocchi, Devon
                                    11 Quattrocchi, Devon","24","22","744","31.0","62","172",".360","4","27",".148","41","58",".707","169","7.0","39","47","86","3.6","52","69","67","46","3","2010-11"
"32","Petrizzi, Ashani
                                    32 Petrizzi, Ashani","20","9","371","18.6","42","84",".500","2","3",".667","30","50",".600","116","5.8","40","55","95","4.8","54","14","34","20","10","2010-11"
"30","Parkmond, Sydney
                                    30 Parkmond, Sydney","26","17","520","20.0","64","160",".400","0","2",".000","17","30",".567","145","5.6","48","58","106","4.1","56","10","54","26","3","2010-11"
"25","Munoz-Ruiz, Marissa
                                    25 Munoz-Ruiz, Marissa","28","9","708","25.3","44","123",".358","0","1",".000","23","38",".605","111","4.0","28","52","80","2.9","43","73","83","52","2","2010-11"
"40","Giles, Ellie
                                    40 Giles, Ellie","18","4","355","19.7","25","90",".278","0","1",".000","15","18",".833","65","3.6","31","73","104","5.8","13","6","23","18","25","2010-11"
"33","Dutton, Libby
                                    33 Dutton, Libby","19","0","278","14.6","25","80",".313","11","45",".244","2","4",".500","63","3.3","2","18","20","1.1","24","13","23","15","1","2010-11"
"15","Welk, Jessica
                                    15 Welk, Jessica","25","5","305","12.2","28","93",".301","3","28",".107","15","16",".938","74","3.0","11","18","29","1.2","21","11","30","5","0","2010-11"
"24","Purington, Brittany
                                    24 Purington, Brittany","19","0","221","11.6","11","31",".355","0","0",".000","10","15",".667","32","1.7","6","20","26","1.4","20","8","9","2","1","2010-11"
"21","Dornbusch, Abby
                                    21 Dornbusch, Abby","5","0","11","2.2","1","1","1.000","0","0",".000","0","0",".000","2","0.4","0","0","0","0.0","0","1","4","0","0","2010-11"
